timeStamp,elapsed,label,responseCode,responseMessage,threadName,dataType,success,failureMessage,bytes,sentBytes,grpThreads,allThreads,URL,Latency,IdleTime,Connect
1751223903226,18,Pacing,200,OK,TG_PIM 1-1,text,true,,0,0,1,1,null,0,0,0
1751223903432,0,Pacing,200,OK,TG_PIM 1-2,text,true,,0,0,2,2,null,0,0,0
1751223903622,0,Pacing,200,OK,TG_PIM 1-3,text,true,,0,0,3,3,null,0,0,0
1751223903812,1,Pacing,200,OK,TG_PIM 1-4,text,true,,0,0,4,4,null,0,0,0
1751223904011,1,Pacing,200,OK,TG_PIM 1-5,text,true,,0,0,5,5,null,0,0,0
1751223903244,798,launch,200,"Number of samples in transaction : 1, number of failing samples : 0",TG_PIM 1-1,,true,,2691,706,5,5,null,0,2,487
1751223903245,798,/web/index.php/auth/login-15,200,OK,TG_PIM 1-1,text,true,,2691,706,5,5,https://opensource-demo.orangehrmlive.com/web/index.php/auth/login,798,0,487
1751223903432,759,launch,200,"Number of samples in transaction : 1, number of failing samples : 0",TG_PIM 1-2,,true,,2703,706,5,5,null,0,2,454
1751223903433,759,/web/index.php/auth/login-15,200,OK,TG_PIM 1-2,text,true,,2703,706,5,5,https://opensource-demo.orangehrmlive.com/web/index.php/auth/login,759,0,454
1751223903622,778,launch,200,"Number of samples in transaction : 1, number of failing samples : 0",TG_PIM 1-3,,true,,2690,706,5,5,null,0,1,478
1751223903623,778,/web/index.php/auth/login-15,200,OK,TG_PIM 1-3,text,true,,2690,706,5,5,https://opensource-demo.orangehrmlive.com/web/index.php/auth/login,778,0,478
1751223903813,777,launch,200,"Number of samples in transaction : 1, number of failing samples : 0",TG_PIM 1-4,,true,,2700,706,5,5,null,0,1,462
1751223903814,777,/web/index.php/auth/login-15,200,OK,TG_PIM 1-4,text,true,,2700,706,5,5,https://opensource-demo.orangehrmlive.com/web/index.php/auth/login,777,0,462
1751223904012,772,launch,200,"Number of samples in transaction : 1, number of failing samples : 0",TG_PIM 1-5,,true,,2695,706,5,5,null,0,2,465
1751223904013,772,/web/index.php/auth/login-15,200,OK,TG_PIM 1-5,text,true,,2695,706,5,5,https://opensource-demo.orangehrmlive.com/web/index.php/auth/login,772,0,465
1751223905123,954,login,200,"Number of samples in transaction : 1, number of failing samples : 0",TG_PIM 1-1,,true,,5245,2112,5,5,null,0,1,0
1751223905124,954,/web/index.php/auth/validate-39,200,OK,TG_PIM 1-1,text,true,,5245,2112,5,5,https://opensource-demo.orangehrmlive.com/web/index.php/dashboard/index,613,0,0
1751223905124,613,/web/index.php/auth/validate-39-0,302,Found,TG_PIM 1-1,text,true,,2097,1145,5,5,https://opensource-demo.orangehrmlive.com/web/index.php/auth/validate,613,0,0
1751223905737,341,/web/index.php/auth/validate-39-1,200,OK,TG_PIM 1-1,text,true,,3148,967,5,5,https://opensource-demo.orangehrmlive.com/web/index.php/dashboard/index,341,0,0
1751223905228,950,login,200,"Number of samples in transaction : 1, number of failing samples : 0",TG_PIM 1-2,,true,,5245,2129,5,5,null,0,0,0
1751223905228,950,/web/index.php/auth/validate-39,200,OK,TG_PIM 1-2,text,true,,5245,2129,5,5,https://opensource-demo.orangehrmlive.com/web/index.php/dashboard/index,609,0,0
1751223905228,609,/web/index.php/auth/validate-39-0,302,Found,TG_PIM 1-2,text,true,,2097,1162,5,5,https://opensource-demo.orangehrmlive.com/web/index.php/auth/validate,609,0,0
1751223905837,341,/web/index.php/auth/validate-39-1,200,OK,TG_PIM 1-2,text,true,,3148,967,5,5,https://opensource-demo.orangehrmlive.com/web/index.php/dashboard/index,341,0,0
1751223905482,942,login,200,"Number of samples in transaction : 1, number of failing samples : 0",TG_PIM 1-3,,true,,5245,2109,5,5,null,0,0,0
1751223905482,942,/web/index.php/auth/validate-39,200,OK,TG_PIM 1-3,text,true,,5245,2109,5,5,https://opensource-demo.orangehrmlive.com/web/index.php/dashboard/index,614,0,0
1751223905482,614,/web/index.php/auth/validate-39-0,302,Found,TG_PIM 1-3,text,true,,2097,1142,5,5,https://opensource-demo.orangehrmlive.com/web/index.php/auth/validate,614,0,0
1751223906096,328,/web/index.php/auth/validate-39-1,200,OK,TG_PIM 1-3,text,true,,3148,967,5,5,https://opensource-demo.orangehrmlive.com/web/index.php/dashboard/index,327,0,0
1751223905639,951,login,200,"Number of samples in transaction : 1, number of failing samples : 0",TG_PIM 1-4,,true,,5245,2119,5,5,null,0,0,0
1751223905639,951,/web/index.php/auth/validate-39,200,OK,TG_PIM 1-4,text,true,,5245,2119,5,5,https://opensource-demo.orangehrmlive.com/web/index.php/dashboard/index,623,0,0
1751223905639,623,/web/index.php/auth/validate-39-0,302,Found,TG_PIM 1-4,text,true,,2097,1152,5,5,https://opensource-demo.orangehrmlive.com/web/index.php/auth/validate,623,0,0
1751223906263,327,/web/index.php/auth/validate-39-1,200,OK,TG_PIM 1-4,text,true,,3148,967,5,5,https://opensource-demo.orangehrmlive.com/web/index.php/dashboard/index,327,0,0
1751223905838,1077,login,200,"Number of samples in transaction : 1, number of failing samples : 0",TG_PIM 1-5,,true,,5245,2118,5,5,null,0,0,0
1751223905838,1077,/web/index.php/auth/validate-39,200,OK,TG_PIM 1-5,text,true,,5245,2118,5,5,https://opensource-demo.orangehrmlive.com/web/index.php/dashboard/index,640,0,0
1751223905838,640,/web/index.php/auth/validate-39-0,302,Found,TG_PIM 1-5,text,true,,2097,1151,5,5,https://opensource-demo.orangehrmlive.com/web/index.php/auth/validate,640,0,0
1751223906479,436,/web/index.php/auth/validate-39-1,200,OK,TG_PIM 1-5,text,true,,3148,967,5,5,https://opensource-demo.orangehrmlive.com/web/index.php/dashboard/index,436,0,0
1751223907085,716,click pim,200,"Number of samples in transaction : 1, number of failing samples : 0",TG_PIM 1-1,,true,,5334,1699,5,5,null,0,1049,0
1751223907085,716,/web/index.php/pim/viewPimModule-69,200,OK,TG_PIM 1-1,text,true,,5334,1699,5,5,https://opensource-demo.orangehrmlive.com/web/index.php/pim/viewEmployeeList,362,0,0
1751223907085,362,/web/index.php/pim/viewPimModule-69-0,302,Found,TG_PIM 1-1,text,true,,2029,848,5,5,https://opensource-demo.orangehrmlive.com/web/index.php/pim/viewPimModule,362,0,0
1751223907447,354,/web/index.php/pim/viewPimModule-69-1,200,OK,TG_PIM 1-1,text,true,,3305,851,5,5,https://opensource-demo.orangehrmlive.com/web/index.php/pim/viewEmployeeList,354,0,0
1751223907247,630,click pim,200,"Number of samples in transaction : 1, number of failing samples : 0",TG_PIM 1-2,,true,,5334,1699,5,5,null,0,1034,0
1751223907247,630,/web/index.php/pim/viewPimModule-69,200,OK,TG_PIM 1-2,text,true,,5334,1699,5,5,https://opensource-demo.orangehrmlive.com/web/index.php/pim/viewEmployeeList,301,0,0
1751223907247,301,/web/index.php/pim/viewPimModule-69-0,302,Found,TG_PIM 1-2,text,true,,2029,848,5,5,https://opensource-demo.orangehrmlive.com/web/index.php/pim/viewPimModule,301,0,0
1751223907549,328,/web/index.php/pim/viewPimModule-69-1,200,OK,TG_PIM 1-2,text,true,,3305,851,5,5,https://opensource-demo.orangehrmlive.com/web/index.php/pim/viewEmployeeList,328,0,0
1751223907453,639,click pim,200,"Number of samples in transaction : 1, number of failing samples : 0",TG_PIM 1-3,,true,,5334,1699,5,5,null,0,1049,0
1751223907453,639,/web/index.php/pim/viewPimModule-69,200,OK,TG_PIM 1-3,text,true,,5334,1699,5,5,https://opensource-demo.orangehrmlive.com/web/index.php/pim/viewEmployeeList,310,0,0
1751223907453,310,/web/index.php/pim/viewPimModule-69-0,302,Found,TG_PIM 1-3,text,true,,2029,848,5,5,https://opensource-demo.orangehrmlive.com/web/index.php/pim/viewPimModule,310,0,0
1751223907764,328,/web/index.php/pim/viewPimModule-69-1,200,OK,TG_PIM 1-3,text,true,,3305,851,5,5,https://opensource-demo.orangehrmlive.com/web/index.php/pim/viewEmployeeList,328,0,0
1751223908851,336,click add employee,200,"Number of samples in transaction : 1, number of failing samples : 0",TG_PIM 1-1,,true,,3323,851,5,5,null,0,0,0
1751223908851,336,/web/index.php/pim/addEmployee-79,200,OK,TG_PIM 1-1,text,true,,3323,851,5,5,https://opensource-demo.orangehrmlive.com/web/index.php/pim/addEmployee,336,0,0
1751223908911,327,click add employee,200,"Number of samples in transaction : 1, number of failing samples : 0",TG_PIM 1-2,,true,,3323,851,5,5,null,0,1,0
1751223908911,327,/web/index.php/pim/addEmployee-79,200,OK,TG_PIM 1-2,text,true,,3323,851,5,5,https://opensource-demo.orangehrmlive.com/web/index.php/pim/addEmployee,327,0,0
1751223907615,682,click pim,200,"Number of samples in transaction : 1, number of failing samples : 0",TG_PIM 1-4,,true,,5334,1699,5,5,null,0,1062,0
1751223907615,682,/web/index.php/pim/viewPimModule-69,200,OK,TG_PIM 1-4,text,true,,5334,1699,5,5,https://opensource-demo.orangehrmlive.com/web/index.php/pim/viewEmployeeList,312,0,0
1751223907615,312,/web/index.php/pim/viewPimModule-69-0,302,Found,TG_PIM 1-4,text,true,,2029,848,5,5,https://opensource-demo.orangehrmlive.com/web/index.php/pim/viewPimModule,312,0,0
1751223907927,370,/web/index.php/pim/viewPimModule-69-1,200,OK,TG_PIM 1-4,text,true,,3305,851,5,5,https://opensource-demo.orangehrmlive.com/web/index.php/pim/viewEmployeeList,370,0,0
1751223909141,332,click add employee,200,"Number of samples in transaction : 1, number of failing samples : 0",TG_PIM 1-3,,true,,3323,851,5,5,null,0,0,0
1751223909141,332,/web/index.php/pim/addEmployee-79,200,OK,TG_PIM 1-3,text,true,,3323,851,5,5,https://opensource-demo.orangehrmlive.com/web/index.php/pim/addEmployee,332,0,0
1751223907920,655,click pim,200,"Number of samples in transaction : 1, number of failing samples : 0",TG_PIM 1-5,,true,,5334,1699,5,5,null,0,1071,0
1751223907920,655,/web/index.php/pim/viewPimModule-69,200,OK,TG_PIM 1-5,text,true,,5334,1699,5,5,https://opensource-demo.orangehrmlive.com/web/index.php/pim/viewEmployeeList,325,0,0
1751223907920,325,/web/index.php/pim/viewPimModule-69-0,302,Found,TG_PIM 1-5,text,true,,2029,848,5,5,https://opensource-demo.orangehrmlive.com/web/index.php/pim/viewPimModule,325,0,0
1751223908245,330,/web/index.php/pim/viewPimModule-69-1,200,OK,TG_PIM 1-5,text,true,,3305,851,5,5,https://opensource-demo.orangehrmlive.com/web/index.php/pim/viewEmployeeList,330,0,0
1751223909360,322,click add employee,200,"Number of samples in transaction : 1, number of failing samples : 0",TG_PIM 1-4,,true,,3323,851,5,5,null,0,0,0
1751223909360,322,/web/index.php/pim/addEmployee-79,200,OK,TG_PIM 1-4,text,true,,3323,851,5,5,https://opensource-demo.orangehrmlive.com/web/index.php/pim/addEmployee,322,0,0
1751223909646,330,click add employee,200,"Number of samples in transaction : 1, number of failing samples : 0",TG_PIM 1-5,,true,,3323,851,5,5,null,0,0,0
1751223909646,330,/web/index.php/pim/addEmployee-79,200,OK,TG_PIM 1-5,text,true,,3323,851,5,5,https://opensource-demo.orangehrmlive.com/web/index.php/pim/addEmployee,330,0,0
1751223910189,696,click save employee,200,"Number of samples in transaction : 2, number of failing samples : 0",TG_PIM 1-1,,true,,7077,1750,5,5,null,0,30,0
1751223910200,337,/web/index.php/api/v2/pim/employees-90,200,OK,TG_PIM 1-1,text,true,,1529,882,5,5,https://opensource-demo.orangehrmlive.com/web/index.php/api/v2/pim/employees,337,0,0
1751223910549,359,/web/index.php/pim/viewPersonalDetails/empNumber/206-91,200,OK,TG_PIM 1-1,text,true,,5548,868,5,5,https://opensource-demo.orangehrmlive.com/web/index.php/pim/viewPersonalDetails/empNumber/737,359,0,0
1751223910539,687,click save employee,200,"Number of samples in transaction : 2, number of failing samples : 0",TG_PIM 1-3,,true,,7080,1750,5,5,null,0,2,0
1751223910540,330,/web/index.php/api/v2/pim/employees-90,200,OK,TG_PIM 1-3,text,true,,1529,882,5,5,https://opensource-demo.orangehrmlive.com/web/index.php/api/v2/pim/employees,330,0,0
1751223910871,357,/web/index.php/pim/viewPersonalDetails/empNumber/206-91,200,OK,TG_PIM 1-3,text,true,,5551,868,5,5,https://opensource-demo.orangehrmlive.com/web/index.php/pim/viewPersonalDetails/empNumber/739,356,0,0
1751223911015,689,click save employee,200,"Number of samples in transaction : 2, number of failing samples : 0",TG_PIM 1-5,,true,,7080,1750,5,5,null,0,2,0
1751223911016,332,/web/index.php/api/v2/pim/employees-90,200,OK,TG_PIM 1-5,text,true,,1529,882,5,5,https://opensource-demo.orangehrmlive.com/web/index.php/api/v2/pim/employees,332,0,0
1751223911349,357,/web/index.php/pim/viewPersonalDetails/empNumber/206-91,200,OK,TG_PIM 1-5,text,true,,5551,868,5,5,https://opensource-demo.orangehrmlive.com/web/index.php/pim/viewPersonalDetails/empNumber/741,356,0,0
1751223910243,1551,click save employee,200,"Number of samples in transaction : 3, number of failing samples : 0",TG_PIM 1-2,,true,,12439,3502,5,5,null,0,5,0
1751223910244,339,/web/index.php/api/v2/pim/employees-90,200,OK,TG_PIM 1-2,text,true,,1529,882,5,5,https://opensource-demo.orangehrmlive.com/web/index.php/api/v2/pim/employees,339,0,0
1751223910584,541,/web/index.php/pim/viewPersonalDetails/empNumber/206-91,200,OK,TG_PIM 1-2,text,true,,5551,868,5,5,https://opensource-demo.orangehrmlive.com/web/index.php/pim/viewPersonalDetails/empNumber/738,541,0,0
1751223911125,671,click report to and save supervisor,200,"Number of samples in transaction : 2, number of failing samples : 0",TG_PIM 1-2,,true,,5359,1752,5,5,null,0,3,0
1751223911126,347,/web/index.php/pim/viewReportToDetails/empNumber/206-106,200,OK,TG_PIM 1-2,text,true,,3794,890,5,5,https://opensource-demo.orangehrmlive.com/web/index.php/pim/viewReportToDetails/empNumber/738,347,0,0
1751223911474,324,/web/index.php/api/v2/pim/employees/206/supervisors-119,200,OK,TG_PIM 1-2,text,true,,1565,862,5,5,https://opensource-demo.orangehrmlive.com/web/index.php/api/v2/pim/employees/738/supervisors,324,0,0
1751223910710,1421,click save employee,200,"Number of samples in transaction : 3, number of failing samples : 0",TG_PIM 1-4,,true,,12435,3502,5,5,null,0,5,0
1751223910711,398,/web/index.php/api/v2/pim/employees-90,200,OK,TG_PIM 1-4,text,true,,1529,882,5,5,https://opensource-demo.orangehrmlive.com/web/index.php/api/v2/pim/employees,398,0,0
1751223911110,356,/web/index.php/pim/viewPersonalDetails/empNumber/206-91,200,OK,TG_PIM 1-4,text,true,,5549,868,5,5,https://opensource-demo.orangehrmlive.com/web/index.php/pim/viewPersonalDetails/empNumber/740,356,0,0
1751223911467,667,click report to and save supervisor,200,"Number of samples in transaction : 2, number of failing samples : 0",TG_PIM 1-4,,true,,5357,1752,5,5,null,0,2,0
1751223911467,357,/web/index.php/pim/viewReportToDetails/empNumber/206-106,200,OK,TG_PIM 1-4,text,true,,3794,890,5,5,https://opensource-demo.orangehrmlive.com/web/index.php/pim/viewReportToDetails/empNumber/740,357,0,0
1751223911825,310,/web/index.php/api/v2/pim/employees/206/supervisors-119,200,OK,TG_PIM 1-4,text,true,,1563,862,5,5,https://opensource-demo.orangehrmlive.com/web/index.php/api/v2/pim/employees/740/supervisors,310,0,0
1751223911988,341,click add employee,200,"Number of samples in transaction : 1, number of failing samples : 0",TG_PIM 1-1,,true,,3323,851,5,5,null,0,0,0
1751223911988,341,/web/index.php/pim/addEmployee-79,200,OK,TG_PIM 1-1,text,true,,3323,851,5,5,https://opensource-demo.orangehrmlive.com/web/index.php/pim/addEmployee,341,0,0
1751223912294,337,click add employee,200,"Number of samples in transaction : 1, number of failing samples : 0",TG_PIM 1-3,,true,,3323,851,5,5,null,0,1,0
1751223912295,337,/web/index.php/pim/addEmployee-79,200,OK,TG_PIM 1-3,text,true,,3323,851,5,5,https://opensource-demo.orangehrmlive.com/web/index.php/pim/addEmployee,337,0,0
1751223912733,366,click add employee,200,"Number of samples in transaction : 1, number of failing samples : 0",TG_PIM 1-5,,true,,3323,851,5,5,null,0,0,0
1751223912733,366,/web/index.php/pim/addEmployee-79,200,OK,TG_PIM 1-5,text,true,,3323,851,5,5,https://opensource-demo.orangehrmlive.com/web/index.php/pim/addEmployee,365,0,0
1751223912894,318,click add employee,200,"Number of samples in transaction : 1, number of failing samples : 0",TG_PIM 1-2,,true,,3323,851,5,5,null,0,0,0
1751223912894,318,/web/index.php/pim/addEmployee-79,200,OK,TG_PIM 1-2,text,true,,3323,851,5,5,https://opensource-demo.orangehrmlive.com/web/index.php/pim/addEmployee,318,0,0
1751223913187,321,click add employee,200,"Number of samples in transaction : 1, number of failing samples : 0",TG_PIM 1-4,,true,,3323,851,5,5,null,0,0,0
1751223913187,321,/web/index.php/pim/addEmployee-79,200,OK,TG_PIM 1-4,text,true,,3323,851,5,5,https://opensource-demo.orangehrmlive.com/web/index.php/pim/addEmployee,321,0,0
1751223913696,688,click save employee,200,"Number of samples in transaction : 2, number of failing samples : 0",TG_PIM 1-3,,true,,7080,1750,5,5,null,0,1,0
1751223913696,325,/web/index.php/api/v2/pim/employees-90,200,OK,TG_PIM 1-3,text,true,,1529,882,5,5,https://opensource-demo.orangehrmlive.com/web/index.php/api/v2/pim/employees,325,0,0
1751223914022,363,/web/index.php/pim/viewPersonalDetails/empNumber/206-91,200,OK,TG_PIM 1-3,text,true,,5551,868,5,5,https://opensource-demo.orangehrmlive.com/web/index.php/pim/viewPersonalDetails/empNumber/743,363,0,0
1751223913397,1380,click save employee,200,"Number of samples in transaction : 3, number of failing samples : 0",TG_PIM 1-1,,true,,12438,3501,5,5,null,0,5,0
1751223913398,339,/web/index.php/api/v2/pim/employees-90,200,OK,TG_PIM 1-1,text,true,,1528,881,5,5,https://opensource-demo.orangehrmlive.com/web/index.php/api/v2/pim/employees,339,0,0
1751223913739,355,/web/index.php/pim/viewPersonalDetails/empNumber/206-91,200,OK,TG_PIM 1-1,text,true,,5551,868,5,5,https://opensource-demo.orangehrmlive.com/web/index.php/pim/viewPersonalDetails/empNumber/742,355,0,0
1751223914094,686,click report to and save supervisor,200,"Number of samples in transaction : 2, number of failing samples : 0",TG_PIM 1-1,,true,,5359,1752,5,5,null,0,2,0
1751223914095,353,/web/index.php/pim/viewReportToDetails/empNumber/206-106,200,OK,TG_PIM 1-1,text,true,,3794,890,5,5,https://opensource-demo.orangehrmlive.com/web/index.php/pim/viewReportToDetails/empNumber/742,353,0,0
1751223914449,333,/web/index.php/api/v2/pim/employees/206/supervisors-119,200,OK,TG_PIM 1-1,text,true,,1565,862,5,5,https://opensource-demo.orangehrmlive.com/web/index.php/api/v2/pim/employees/742/supervisors,333,0,0
1751223914282,721,click save employee,200,"Number of samples in transaction : 2, number of failing samples : 0",TG_PIM 1-2,,true,,7080,1750,5,5,null,0,2,0
1751223914283,362,/web/index.php/api/v2/pim/employees-90,200,OK,TG_PIM 1-2,text,true,,1529,882,5,5,https://opensource-demo.orangehrmlive.com/web/index.php/api/v2/pim/employees,362,0,0
1751223914646,359,/web/index.php/pim/viewPersonalDetails/empNumber/206-91,200,OK,TG_PIM 1-2,text,true,,5551,868,5,5,https://opensource-demo.orangehrmlive.com/web/index.php/pim/viewPersonalDetails/empNumber/745,359,0,0
1751223914110,1423,click save employee,200,"Number of samples in transaction : 3, number of failing samples : 0",TG_PIM 1-5,,true,,12439,3502,5,5,null,0,3,0
1751223914110,343,/web/index.php/api/v2/pim/employees-90,200,OK,TG_PIM 1-5,text,true,,1529,882,5,5,https://opensource-demo.orangehrmlive.com/web/index.php/api/v2/pim/employees,343,0,0
1751223914454,417,/web/index.php/pim/viewPersonalDetails/empNumber/206-91,200,OK,TG_PIM 1-5,text,true,,5551,868,5,5,https://opensource-demo.orangehrmlive.com/web/index.php/pim/viewPersonalDetails/empNumber/744,417,0,0
1751223914871,663,click report to and save supervisor,200,"Number of samples in transaction : 2, number of failing samples : 0",TG_PIM 1-5,,true,,5359,1752,5,5,null,0,2,0
1751223914871,335,/web/index.php/pim/viewReportToDetails/empNumber/206-106,200,OK,TG_PIM 1-5,text,true,,3794,890,5,5,https://opensource-demo.orangehrmlive.com/web/index.php/pim/viewReportToDetails/empNumber/744,335,0,0
1751223915207,328,/web/index.php/api/v2/pim/employees/206/supervisors-119,200,OK,TG_PIM 1-5,text,true,,1565,862,5,5,https://opensource-demo.orangehrmlive.com/web/index.php/api/v2/pim/employees/744/supervisors,328,0,0
1751223914557,1438,click save employee,200,"Number of samples in transaction : 3, number of failing samples : 0",TG_PIM 1-4,,true,,12439,3502,5,5,null,0,3,0
1751223914558,414,/web/index.php/api/v2/pim/employees-90,200,OK,TG_PIM 1-4,text,true,,1529,882,5,5,https://opensource-demo.orangehrmlive.com/web/index.php/api/v2/pim/employees,414,0,0
1751223914973,351,/web/index.php/pim/viewPersonalDetails/empNumber/206-91,200,OK,TG_PIM 1-4,text,true,,5551,868,5,5,https://opensource-demo.orangehrmlive.com/web/index.php/pim/viewPersonalDetails/empNumber/746,351,0,0
1751223915324,673,click report to and save supervisor,200,"Number of samples in transaction : 2, number of failing samples : 0",TG_PIM 1-4,,true,,5359,1752,5,5,null,0,1,0
1751223915325,343,/web/index.php/pim/viewReportToDetails/empNumber/206-106,200,OK,TG_PIM 1-4,text,true,,3794,890,5,5,https://opensource-demo.orangehrmlive.com/web/index.php/pim/viewReportToDetails/empNumber/746,343,0,0
1751223915668,330,/web/index.php/api/v2/pim/employees/206/supervisors-119,200,OK,TG_PIM 1-4,text,true,,1565,862,5,5,https://opensource-demo.orangehrmlive.com/web/index.php/api/v2/pim/employees/746/supervisors,330,0,0
1751223915432,325,click employee list,200,"Number of samples in transaction : 1, number of failing samples : 0",TG_PIM 1-3,,true,,3305,873,5,5,null,0,1039,0
1751223915432,325,/web/index.php/pim/viewEmployeeList-121,200,OK,TG_PIM 1-3,text,true,,3305,873,5,5,https://opensource-demo.orangehrmlive.com/web/index.php/pim/viewEmployeeList,325,0,0
1751223915829,360,click employee list,200,"Number of samples in transaction : 1, number of failing samples : 0",TG_PIM 1-1,,true,,3305,873,5,5,null,0,1022,0
1751223915829,360,/web/index.php/pim/viewEmployeeList-121,200,OK,TG_PIM 1-1,text,true,,3305,873,5,5,https://opensource-demo.orangehrmlive.com/web/index.php/pim/viewEmployeeList,360,0,0
1751223916069,335,click employee list,200,"Number of samples in transaction : 1, number of failing samples : 0",TG_PIM 1-2,,true,,3305,873,5,5,null,0,1095,0
1751223916069,335,/web/index.php/pim/viewEmployeeList-121,200,OK,TG_PIM 1-2,text,true,,3305,873,5,5,https://opensource-demo.orangehrmlive.com/web/index.php/pim/viewEmployeeList,335,0,0
1751223916631,339,click employee list,200,"Number of samples in transaction : 1, number of failing samples : 0",TG_PIM 1-5,,true,,3305,873,5,5,null,0,1029,0
1751223916631,339,/web/index.php/pim/viewEmployeeList-121,200,OK,TG_PIM 1-5,text,true,,3305,873,5,5,https://opensource-demo.orangehrmlive.com/web/index.php/pim/viewEmployeeList,339,0,0
1751223917059,327,click employee list,200,"Number of samples in transaction : 1, number of failing samples : 0",TG_PIM 1-4,,true,,3305,873,5,5,null,0,1072,0
1751223917059,327,/web/index.php/pim/viewEmployeeList-121,200,OK,TG_PIM 1-4,text,true,,3305,873,5,5,https://opensource-demo.orangehrmlive.com/web/index.php/pim/viewEmployeeList,327,0,0
1751223916797,1234,search employee,200,"Number of samples in transaction : 3, number of failing samples : 0",TG_PIM 1-3,,true,,19845,2547,5,5,null,0,3136,0
1751223916797,606,/web/index.php/api/v2/pim/employees-125,200,OK,TG_PIM 1-3,text,true,,16745,864,5,5,https://opensource-demo.orangehrmlive.com/web/index.php/api/v2/pim/employees?limit=50&offset=0&model=detailed&includeEmployees=onlyCurrent&sortField=employee.firstName&sortOrder=ASC,606,0,0
1751223918463,319,/web/index.php/api/v2/pim/employees-132,200,OK,TG_PIM 1-3,text,true,,1419,805,5,5,https://opensource-demo.orangehrmlive.com/web/index.php/api/v2/pim/employees?nameOrId=user129&includeEmployees=onlyCurrent,319,0,0
1751223919804,309,/web/index.php/api/v2/pim/employees-144,200,OK,TG_PIM 1-3,text,true,,1681,878,5,5,https://opensource-demo.orangehrmlive.com/web/index.php/api/v2/pim/employees?limit=50&offset=0&model=detailed&empNumber=743&includeEmployees=onlyCurrent&sortField=employee.firstName&sortOrder=ASC,309,0,0
1751223917212,1371,search employee,200,"Number of samples in transaction : 3, number of failing samples : 0",TG_PIM 1-1,,true,,19913,2547,5,5,null,0,3179,0
1751223917212,602,/web/index.php/api/v2/pim/employees-125,200,OK,TG_PIM 1-1,text,true,,16738,864,5,5,https://opensource-demo.orangehrmlive.com/web/index.php/api/v2/pim/employees?limit=50&offset=0&model=detailed&includeEmployees=onlyCurrent&sortField=employee.firstName&sortOrder=ASC,602,0,0
1751223918842,363,/web/index.php/api/v2/pim/employees-132,200,OK,TG_PIM 1-1,text,true,,1419,805,5,5,https://opensource-demo.orangehrmlive.com/web/index.php/api/v2/pim/employees?nameOrId=user510&includeEmployees=onlyCurrent,363,0,0
1751223920300,406,/web/index.php/api/v2/pim/employees-144,200,OK,TG_PIM 1-1,text,true,,1756,878,5,5,https://opensource-demo.orangehrmlive.com/web/index.php/api/v2/pim/employees?limit=50&offset=0&model=detailed&empNumber=742&includeEmployees=onlyCurrent&sortField=employee.firstName&sortOrder=ASC,406,0,0
1751223917499,1278,search employee,200,"Number of samples in transaction : 3, number of failing samples : 0",TG_PIM 1-2,,true,,19845,2547,5,5,null,0,3157,0
1751223917499,574,/web/index.php/api/v2/pim/employees-125,200,OK,TG_PIM 1-2,text,true,,16745,864,5,5,https://opensource-demo.orangehrmlive.com/web/index.php/api/v2/pim/employees?limit=50&offset=0&model=detailed&includeEmployees=onlyCurrent&sortField=employee.firstName&sortOrder=ASC,574,0,0
1751223919133,361,/web/index.php/api/v2/pim/employees-132,200,OK,TG_PIM 1-2,text,true,,1419,805,5,5,https://opensource-demo.orangehrmlive.com/web/index.php/api/v2/pim/employees?nameOrId=user795&includeEmployees=onlyCurrent,361,0,0
1751223920545,343,/web/index.php/api/v2/pim/employees-144,200,OK,TG_PIM 1-2,text,true,,1681,878,5,5,https://opensource-demo.orangehrmlive.com/web/index.php/api/v2/pim/employees?limit=50&offset=0&model=detailed&empNumber=745&includeEmployees=onlyCurrent&sortField=employee.firstName&sortOrder=ASC,343,0,0
1751223917999,1289,search employee,200,"Number of samples in transaction : 3, number of failing samples : 0",TG_PIM 1-5,,true,,19921,2547,5,5,null,0,3122,0
1751223917999,588,/web/index.php/api/v2/pim/employees-125,200,OK,TG_PIM 1-5,text,true,,16745,864,5,5,https://opensource-demo.orangehrmlive.com/web/index.php/api/v2/pim/employees?limit=50&offset=0&model=detailed&includeEmployees=onlyCurrent&sortField=employee.firstName&sortOrder=ASC,588,0,0
1751223919620,368,/web/index.php/api/v2/pim/employees-132,200,OK,TG_PIM 1-5,text,true,,1419,805,5,5,https://opensource-demo.orangehrmlive.com/web/index.php/api/v2/pim/employees?nameOrId=user523&includeEmployees=onlyCurrent,368,0,0
1751223921016,333,/web/index.php/api/v2/pim/employees-144,200,OK,TG_PIM 1-5,text,true,,1757,878,5,5,https://opensource-demo.orangehrmlive.com/web/index.php/api/v2/pim/employees?limit=50&offset=0&model=detailed&empNumber=744&includeEmployees=onlyCurrent&sortField=employee.firstName&sortOrder=ASC,333,0,0
1751223918458,1319,search employee,200,"Number of samples in transaction : 3, number of failing samples : 0",TG_PIM 1-4,,true,,19921,2547,5,5,null,0,3144,0
1751223918458,575,/web/index.php/api/v2/pim/employees-125,200,OK,TG_PIM 1-4,text,true,,16745,864,5,5,https://opensource-demo.orangehrmlive.com/web/index.php/api/v2/pim/employees?limit=50&offset=0&model=detailed&includeEmployees=onlyCurrent&sortField=employee.firstName&sortOrder=ASC,575,0,0
1751223920115,310,/web/index.php/api/v2/pim/employees-132,200,OK,TG_PIM 1-4,text,true,,1419,805,5,5,https://opensource-demo.orangehrmlive.com/web/index.php/api/v2/pim/employees?nameOrId=user799&includeEmployees=onlyCurrent,310,0,0
1751223921428,434,/web/index.php/api/v2/pim/employees-144,200,OK,TG_PIM 1-4,text,true,,1757,878,5,5,https://opensource-demo.orangehrmlive.com/web/index.php/api/v2/pim/employees?limit=50&offset=0&model=detailed&empNumber=746&includeEmployees=onlyCurrent&sortField=employee.firstName&sortOrder=ASC,434,0,0
1751223921769,11472,Pacing,200,OK,TG_PIM 1-1,text,true,,0,0,5,5,null,0,0,0
1751223933242,0,Debug Sampler,200,OK,TG_PIM 1-1,text,true,,996,0,5,5,null,0,0,0
1751223933242,1,Pacing,200,OK,TG_PIM 1-1,text,true,,0,0,5,5,null,0,0,0
1751223921940,11494,Pacing,200,OK,TG_PIM 1-2,text,true,,0,0,5,5,null,0,0,0
1751223933435,0,Debug Sampler,200,OK,TG_PIM 1-2,text,true,,1047,0,5,5,null,0,0,0
1751223933436,0,Pacing,200,OK,TG_PIM 1-2,text,true,,0,0,5,5,null,0,0,0
1751223921174,12450,Pacing,200,OK,TG_PIM 1-3,text,true,,0,0,5,5,null,0,0,0
1751223933625,0,Debug Sampler,200,OK,TG_PIM 1-3,text,true,,972,0,5,5,null,0,0,0
1751223933625,1,Pacing,200,OK,TG_PIM 1-3,text,true,,0,0,5,5,null,0,0,0
1751223922929,10885,Pacing,200,OK,TG_PIM 1-4,text,true,,0,0,5,5,null,0,0,0
1751223933815,0,Debug Sampler,200,OK,TG_PIM 1-4,text,true,,1017,0,5,5,null,0,0,0
1751223933815,1,Pacing,200,OK,TG_PIM 1-4,text,true,,0,0,5,5,null,0,0,0
1751223922416,11598,Pacing,200,OK,TG_PIM 1-5,text,true,,0,0,5,5,null,0,0,0
1751223934015,0,Debug Sampler,200,OK,TG_PIM 1-5,text,true,,1013,0,5,5,null,0,0,0
1751223934015,1,Pacing,200,OK,TG_PIM 1-5,text,true,,0,0,5,5,null,0,0,0
1751223933243,672,click pim,200,"Number of samples in transaction : 1, number of failing samples : 0",TG_PIM 1-1,,true,,5334,1699,5,5,null,0,1071,0
1751223933243,672,/web/index.php/pim/viewPimModule-69,200,OK,TG_PIM 1-1,text,true,,5334,1699,5,5,https://opensource-demo.orangehrmlive.com/web/index.php/pim/viewEmployeeList,340,0,0
1751223933243,340,/web/index.php/pim/viewPimModule-69-0,302,Found,TG_PIM 1-1,text,true,,2029,848,5,5,https://opensource-demo.orangehrmlive.com/web/index.php/pim/viewPimModule,340,0,0
1751223933583,332,/web/index.php/pim/viewPimModule-69-1,200,OK,TG_PIM 1-1,text,true,,3305,851,5,5,https://opensource-demo.orangehrmlive.com/web/index.php/pim/viewEmployeeList,332,0,0
1751223933436,688,click pim,200,"Number of samples in transaction : 1, number of failing samples : 0",TG_PIM 1-2,,true,,5334,1699,5,5,null,0,1092,0
1751223933436,688,/web/index.php/pim/viewPimModule-69,200,OK,TG_PIM 1-2,text,true,,5334,1699,5,5,https://opensource-demo.orangehrmlive.com/web/index.php/pim/viewEmployeeList,358,0,0
1751223933436,358,/web/index.php/pim/viewPimModule-69-0,302,Found,TG_PIM 1-2,text,true,,2029,848,5,5,https://opensource-demo.orangehrmlive.com/web/index.php/pim/viewPimModule,358,0,0
1751223933794,330,/web/index.php/pim/viewPimModule-69-1,200,OK,TG_PIM 1-2,text,true,,3305,851,5,5,https://opensource-demo.orangehrmlive.com/web/index.php/pim/viewEmployeeList,330,0,0
1751223934986,404,click add employee,200,"Number of samples in transaction : 1, number of failing samples : 0",TG_PIM 1-1,,true,,3323,851,5,5,null,0,0,0
1751223934986,404,/web/index.php/pim/addEmployee-79,200,OK,TG_PIM 1-1,text,true,,3323,851,5,5,https://opensource-demo.orangehrmlive.com/web/index.php/pim/addEmployee,404,0,0
1751223933626,745,click pim,200,"Number of samples in transaction : 1, number of failing samples : 0",TG_PIM 1-3,,true,,5334,1699,5,5,null,0,1021,0
1751223933626,745,/web/index.php/pim/viewPimModule-69,200,OK,TG_PIM 1-3,text,true,,5334,1699,5,5,https://opensource-demo.orangehrmlive.com/web/index.php/pim/viewEmployeeList,357,0,0
1751223933626,357,/web/index.php/pim/viewPimModule-69-0,302,Found,TG_PIM 1-3,text,true,,2029,848,5,5,https://opensource-demo.orangehrmlive.com/web/index.php/pim/viewPimModule,357,0,0
1751223933983,388,/web/index.php/pim/viewPimModule-69-1,200,OK,TG_PIM 1-3,text,true,,3305,851,5,5,https://opensource-demo.orangehrmlive.com/web/index.php/pim/viewEmployeeList,388,0,0
1751223935216,320,click add employee,200,"Number of samples in transaction : 1, number of failing samples : 0",TG_PIM 1-2,,true,,3323,851,5,5,null,0,0,0
1751223935216,320,/web/index.php/pim/addEmployee-79,200,OK,TG_PIM 1-2,text,true,,3323,851,5,5,https://opensource-demo.orangehrmlive.com/web/index.php/pim/addEmployee,320,0,0
1751223933816,666,click pim,200,"Number of samples in transaction : 1, number of failing samples : 0",TG_PIM 1-4,,true,,5334,1699,5,5,null,0,1093,0
1751223933816,666,/web/index.php/pim/viewPimModule-69,200,OK,TG_PIM 1-4,text,true,,5334,1699,5,5,https://opensource-demo.orangehrmlive.com/web/index.php/pim/viewEmployeeList,316,0,0
1751223933816,316,/web/index.php/pim/viewPimModule-69-0,302,Found,TG_PIM 1-4,text,true,,2029,848,5,5,https://opensource-demo.orangehrmlive.com/web/index.php/pim/viewPimModule,316,0,0
1751223934132,350,/web/index.php/pim/viewPimModule-69-1,200,OK,TG_PIM 1-4,text,true,,3305,851,5,5,https://opensource-demo.orangehrmlive.com/web/index.php/pim/viewEmployeeList,350,0,0
1751223935392,322,click add employee,200,"Number of samples in transaction : 1, number of failing samples : 0",TG_PIM 1-3,,true,,3323,851,5,5,null,0,0,0
1751223935392,322,/web/index.php/pim/addEmployee-79,200,OK,TG_PIM 1-3,text,true,,3323,851,5,5,https://opensource-demo.orangehrmlive.com/web/index.php/pim/addEmployee,322,0,0
1751223934016,720,click pim,200,"Number of samples in transaction : 1, number of failing samples : 0",TG_PIM 1-5,,true,,5334,1699,5,5,null,0,1079,0
1751223934016,720,/web/index.php/pim/viewPimModule-69,200,OK,TG_PIM 1-5,text,true,,5334,1699,5,5,https://opensource-demo.orangehrmlive.com/web/index.php/pim/viewEmployeeList,355,0,0
1751223934016,355,/web/index.php/pim/viewPimModule-69-0,302,Found,TG_PIM 1-5,text,true,,2029,848,5,5,https://opensource-demo.orangehrmlive.com/web/index.php/pim/viewPimModule,355,0,0
1751223934371,365,/web/index.php/pim/viewPimModule-69-1,200,OK,TG_PIM 1-5,text,true,,3305,851,5,5,https://opensource-demo.orangehrmlive.com/web/index.php/pim/viewEmployeeList,365,0,0
1751223935575,428,click add employee,200,"Number of samples in transaction : 1, number of failing samples : 0",TG_PIM 1-4,,true,,3323,851,5,5,null,0,0,0
1751223935575,428,/web/index.php/pim/addEmployee-79,200,OK,TG_PIM 1-4,text,true,,3323,851,5,5,https://opensource-demo.orangehrmlive.com/web/index.php/pim/addEmployee,428,0,0
1751223935816,346,click add employee,200,"Number of samples in transaction : 1, number of failing samples : 0",TG_PIM 1-5,,true,,3323,851,5,5,null,0,0,0
1751223935816,346,/web/index.php/pim/addEmployee-79,200,OK,TG_PIM 1-5,text,true,,3323,851,5,5,https://opensource-demo.orangehrmlive.com/web/index.php/pim/addEmployee,346,0,0
1751223936459,684,click save employee,200,"Number of samples in transaction : 2, number of failing samples : 0",TG_PIM 1-1,,true,,7076,1749,5,5,null,0,1,0
1751223936459,330,/web/index.php/api/v2/pim/employees-90,200,OK,TG_PIM 1-1,text,true,,1528,881,5,5,https://opensource-demo.orangehrmlive.com/web/index.php/api/v2/pim/employees,330,0,0
1751223936790,354,/web/index.php/pim/viewPersonalDetails/empNumber/206-91,200,OK,TG_PIM 1-1,text,true,,5548,868,5,5,https://opensource-demo.orangehrmlive.com/web/index.php/pim/viewPersonalDetails/empNumber/747,354,0,0
1751223936778,718,click save employee,200,"Number of samples in transaction : 2, number of failing samples : 0",TG_PIM 1-3,,true,,7080,1750,5,5,null,0,2,0
1751223936779,324,/web/index.php/api/v2/pim/employees-90,200,OK,TG_PIM 1-3,text,true,,1529,882,5,5,https://opensource-demo.orangehrmlive.com/web/index.php/api/v2/pim/employees,324,0,0
1751223937104,394,/web/index.php/pim/viewPersonalDetails/empNumber/206-91,200,OK,TG_PIM 1-3,text,true,,5551,868,5,5,https://opensource-demo.orangehrmlive.com/web/index.php/pim/viewPersonalDetails/empNumber/749,393,0,0
1751223937217,711,click save employee,200,"Number of samples in transaction : 2, number of failing samples : 0",TG_PIM 1-5,,true,,7074,1750,5,5,null,0,1,0
1751223937217,349,/web/index.php/api/v2/pim/employees-90,200,OK,TG_PIM 1-5,text,true,,1529,882,5,5,https://opensource-demo.orangehrmlive.com/web/index.php/api/v2/pim/employees,349,0,0
1751223937567,362,/web/index.php/pim/viewPersonalDetails/empNumber/206-91,200,OK,TG_PIM 1-5,text,true,,5545,868,5,5,https://opensource-demo.orangehrmlive.com/web/index.php/pim/viewPersonalDetails/empNumber/751,361,0,0
1751223936568,1506,click save employee,200,"Number of samples in transaction : 3, number of failing samples : 0",TG_PIM 1-2,,true,,12437,3502,5,5,null,0,4,0
1751223936569,363,/web/index.php/api/v2/pim/employees-90,200,OK,TG_PIM 1-2,text,true,,1529,882,5,5,https://opensource-demo.orangehrmlive.com/web/index.php/api/v2/pim/employees,363,0,0
1751223936933,343,/web/index.php/pim/viewPersonalDetails/empNumber/206-91,200,OK,TG_PIM 1-2,text,true,,5551,868,5,5,https://opensource-demo.orangehrmlive.com/web/index.php/pim/viewPersonalDetails/empNumber/748,343,0,0
1751223937276,800,click report to and save supervisor,200,"Number of samples in transaction : 2, number of failing samples : 0",TG_PIM 1-2,,true,,5357,1752,5,5,null,0,2,0
1751223937277,378,/web/index.php/pim/viewReportToDetails/empNumber/206-106,200,OK,TG_PIM 1-2,text,true,,3794,890,5,5,https://opensource-demo.orangehrmlive.com/web/index.php/pim/viewReportToDetails/empNumber/748,378,0,0
1751223937656,422,/web/index.php/api/v2/pim/employees/206/supervisors-119,200,OK,TG_PIM 1-2,text,true,,1563,862,5,5,https://opensource-demo.orangehrmlive.com/web/index.php/api/v2/pim/employees/748/supervisors,422,0,0
1751223937081,1365,click save employee,200,"Number of samples in transaction : 3, number of failing samples : 0",TG_PIM 1-4,,true,,12435,3502,5,5,null,0,3,0
1751223937082,340,/web/index.php/api/v2/pim/employees-90,200,OK,TG_PIM 1-4,text,true,,1529,882,5,5,https://opensource-demo.orangehrmlive.com/web/index.php/api/v2/pim/employees,340,0,0
1751223937423,348,/web/index.php/pim/viewPersonalDetails/empNumber/206-91,200,OK,TG_PIM 1-4,text,true,,5549,868,5,5,https://opensource-demo.orangehrmlive.com/web/index.php/pim/viewPersonalDetails/empNumber/750,347,0,0
1751223937771,677,click report to and save supervisor,200,"Number of samples in transaction : 2, number of failing samples : 0",TG_PIM 1-4,,true,,5357,1752,5,5,null,0,1,0
1751223937771,346,/web/index.php/pim/viewReportToDetails/empNumber/206-106,200,OK,TG_PIM 1-4,text,true,,3794,890,5,5,https://opensource-demo.orangehrmlive.com/web/index.php/pim/viewReportToDetails/empNumber/750,346,0,0
1751223938118,331,/web/index.php/api/v2/pim/employees/206/supervisors-119,200,OK,TG_PIM 1-4,text,true,,1563,862,5,5,https://opensource-demo.orangehrmlive.com/web/index.php/api/v2/pim/employees/750/supervisors,331,0,0
1751223938229,355,click add employee,200,"Number of samples in transaction : 1, number of failing samples : 0",TG_PIM 1-1,,true,,3323,851,5,5,null,0,0,0
1751223938229,355,/web/index.php/pim/addEmployee-79,200,OK,TG_PIM 1-1,text,true,,3323,851,5,5,https://opensource-demo.orangehrmlive.com/web/index.php/pim/addEmployee,355,0,0
1751223938548,322,click add employee,200,"Number of samples in transaction : 1, number of failing samples : 0",TG_PIM 1-3,,true,,3323,851,5,5,null,0,1,0
1751223938548,322,/web/index.php/pim/addEmployee-79,200,OK,TG_PIM 1-3,text,true,,3323,851,5,5,https://opensource-demo.orangehrmlive.com/web/index.php/pim/addEmployee,322,0,0
1751223938973,325,click add employee,200,"Number of samples in transaction : 1, number of failing samples : 0",TG_PIM 1-5,,true,,3323,851,5,5,null,0,0,0
1751223938973,325,/web/index.php/pim/addEmployee-79,200,OK,TG_PIM 1-5,text,true,,3323,851,5,5,https://opensource-demo.orangehrmlive.com/web/index.php/pim/addEmployee,324,0,0
1751223939156,323,click add employee,200,"Number of samples in transaction : 1, number of failing samples : 0",TG_PIM 1-2,,true,,3323,851,5,5,null,0,0,0
1751223939156,323,/web/index.php/pim/addEmployee-79,200,OK,TG_PIM 1-2,text,true,,3323,851,5,5,https://opensource-demo.orangehrmlive.com/web/index.php/pim/addEmployee,323,0,0
1751223939532,348,click add employee,200,"Number of samples in transaction : 1, number of failing samples : 0",TG_PIM 1-4,,true,,3323,851,5,5,null,0,0,0
1751223939532,348,/web/index.php/pim/addEmployee-79,200,OK,TG_PIM 1-4,text,true,,3323,851,5,5,https://opensource-demo.orangehrmlive.com/web/index.php/pim/addEmployee,348,0,0
1751223939924,718,click save employee,200,"Number of samples in transaction : 2, number of failing samples : 0",TG_PIM 1-3,,true,,7080,1750,5,5,null,0,2,0
1751223939924,341,/web/index.php/api/v2/pim/employees-90,200,OK,TG_PIM 1-3,text,true,,1529,882,5,5,https://opensource-demo.orangehrmlive.com/web/index.php/api/v2/pim/employees,341,0,0
1751223940266,377,/web/index.php/pim/viewPersonalDetails/empNumber/206-91,200,OK,TG_PIM 1-3,text,true,,5551,868,5,5,https://opensource-demo.orangehrmlive.com/web/index.php/pim/viewPersonalDetails/empNumber/753,377,0,0
1751223939598,1431,click save employee,200,"Number of samples in transaction : 3, number of failing samples : 0",TG_PIM 1-1,,true,,12437,3502,5,5,null,0,6,0
1751223939599,343,/web/index.php/api/v2/pim/employees-90,200,OK,TG_PIM 1-1,text,true,,1529,882,5,5,https://opensource-demo.orangehrmlive.com/web/index.php/api/v2/pim/employees,343,0,0
1751223939944,352,/web/index.php/pim/viewPersonalDetails/empNumber/206-91,200,OK,TG_PIM 1-1,text,true,,5551,868,5,5,https://opensource-demo.orangehrmlive.com/web/index.php/pim/viewPersonalDetails/empNumber/752,352,0,0
1751223940297,736,click report to and save supervisor,200,"Number of samples in transaction : 2, number of failing samples : 0",TG_PIM 1-1,,true,,5357,1752,5,5,null,0,2,0
1751223940297,371,/web/index.php/pim/viewReportToDetails/empNumber/206-106,200,OK,TG_PIM 1-1,text,true,,3794,890,5,5,https://opensource-demo.orangehrmlive.com/web/index.php/pim/viewReportToDetails/empNumber/752,371,0,0
1751223940669,365,/web/index.php/api/v2/pim/employees/206/supervisors-119,200,OK,TG_PIM 1-1,text,true,,1563,862,5,5,https://opensource-demo.orangehrmlive.com/web/index.php/api/v2/pim/employees/752/supervisors,365,0,0
1751223940494,1154,click save employee,200,"Number of samples in transaction : 2, number of failing samples : 0",TG_PIM 1-2,,true,,7080,1750,5,5,null,0,1,0
1751223940494,800,/web/index.php/api/v2/pim/employees-90,200,OK,TG_PIM 1-2,text,true,,1529,882,5,5,https://opensource-demo.orangehrmlive.com/web/index.php/api/v2/pim/employees,800,0,0
1751223941295,354,/web/index.php/pim/viewPersonalDetails/empNumber/206-91,200,OK,TG_PIM 1-2,text,true,,5551,868,5,5,https://opensource-demo.orangehrmlive.com/web/index.php/pim/viewPersonalDetails/empNumber/755,354,0,0
1751223940365,1553,click save employee,200,"Number of samples in transaction : 3, number of failing samples : 0",TG_PIM 1-5,,true,,12437,3502,5,5,null,0,3,0
1751223940366,371,/web/index.php/api/v2/pim/employees-90,200,OK,TG_PIM 1-5,text,true,,1529,882,5,5,https://opensource-demo.orangehrmlive.com/web/index.php/api/v2/pim/employees,371,0,0
1751223940738,418,/web/index.php/pim/viewPersonalDetails/empNumber/206-91,200,OK,TG_PIM 1-5,text,true,,5551,868,5,5,https://opensource-demo.orangehrmlive.com/web/index.php/pim/viewPersonalDetails/empNumber/754,417,0,0
1751223941156,764,click report to and save supervisor,200,"Number of samples in transaction : 2, number of failing samples : 0",TG_PIM 1-5,,true,,5357,1752,5,5,null,0,1,0
1751223941156,417,/web/index.php/pim/viewReportToDetails/empNumber/206-106,200,OK,TG_PIM 1-5,text,true,,3794,890,5,5,https://opensource-demo.orangehrmlive.com/web/index.php/pim/viewReportToDetails/empNumber/754,417,0,0
1751223941574,347,/web/index.php/api/v2/pim/employees/206/supervisors-119,200,OK,TG_PIM 1-5,text,true,,1563,862,5,5,https://opensource-demo.orangehrmlive.com/web/index.php/api/v2/pim/employees/754/supervisors,347,0,0
1751223940882,1356,click save employee,200,"Number of samples in transaction : 3, number of failing samples : 0",TG_PIM 1-4,,true,,12439,3502,5,5,null,0,3,0
1751223940883,349,/web/index.php/api/v2/pim/employees-90,200,OK,TG_PIM 1-4,text,true,,1529,882,5,5,https://opensource-demo.orangehrmlive.com/web/index.php/api/v2/pim/employees,349,0,0
1751223941233,367,/web/index.php/pim/viewPersonalDetails/empNumber/206-91,200,OK,TG_PIM 1-4,text,true,,5551,868,5,5,https://opensource-demo.orangehrmlive.com/web/index.php/pim/viewPersonalDetails/empNumber/756,366,0,0
1751223941600,640,click report to and save supervisor,200,"Number of samples in transaction : 2, number of failing samples : 0",TG_PIM 1-4,,true,,5359,1752,5,5,null,0,1,0
1751223941600,328,/web/index.php/pim/viewReportToDetails/empNumber/206-106,200,OK,TG_PIM 1-4,text,true,,3794,890,5,5,https://opensource-demo.orangehrmlive.com/web/index.php/pim/viewReportToDetails/empNumber/756,328,0,0
1751223941929,312,/web/index.php/api/v2/pim/employees/206/supervisors-119,200,OK,TG_PIM 1-4,text,true,,1565,862,5,5,https://opensource-demo.orangehrmlive.com/web/index.php/api/v2/pim/employees/756/supervisors,312,0,0
1751223941668,334,click employee list,200,"Number of samples in transaction : 1, number of failing samples : 0",TG_PIM 1-3,,true,,3305,873,5,5,null,0,1042,0
1751223941668,334,/web/index.php/pim/viewEmployeeList-121,200,OK,TG_PIM 1-3,text,true,,3305,873,5,5,https://opensource-demo.orangehrmlive.com/web/index.php/pim/viewEmployeeList,334,0,0
1751223942061,332,click employee list,200,"Number of samples in transaction : 1, number of failing samples : 0",TG_PIM 1-1,,true,,3305,873,5,5,null,0,1052,0
1751223942062,332,/web/index.php/pim/viewEmployeeList-121,200,OK,TG_PIM 1-1,text,true,,3305,873,5,5,https://opensource-demo.orangehrmlive.com/web/index.php/pim/viewEmployeeList,331,0,0
1751223942660,323,click employee list,200,"Number of samples in transaction : 1, number of failing samples : 0",TG_PIM 1-2,,true,,3305,873,5,5,null,0,1025,0
1751223942660,323,/web/index.php/pim/viewEmployeeList-121,200,OK,TG_PIM 1-2,text,true,,3305,873,5,5,https://opensource-demo.orangehrmlive.com/web/index.php/pim/viewEmployeeList,323,0,0
1751223942953,327,click employee list,200,"Number of samples in transaction : 1, number of failing samples : 0",TG_PIM 1-5,,true,,3305,873,5,5,null,0,1072,0
1751223942954,327,/web/index.php/pim/viewEmployeeList-121,200,OK,TG_PIM 1-5,text,true,,3305,873,5,5,https://opensource-demo.orangehrmlive.com/web/index.php/pim/viewEmployeeList,327,0,0
1751223943252,327,click employee list,200,"Number of samples in transaction : 1, number of failing samples : 0",TG_PIM 1-4,,true,,3305,873,5,5,null,0,1088,0
1751223943252,327,/web/index.php/pim/viewEmployeeList-121,200,OK,TG_PIM 1-4,text,true,,3305,873,5,5,https://opensource-demo.orangehrmlive.com/web/index.php/pim/viewEmployeeList,327,0,0
1751223943044,1359,search employee,200,"Number of samples in transaction : 3, number of failing samples : 0",TG_PIM 1-3,,true,,19845,2547,5,5,null,0,3087,0
1751223943044,603,/web/index.php/api/v2/pim/employees-125,200,OK,TG_PIM 1-3,text,true,,16745,864,5,5,https://opensource-demo.orangehrmlive.com/web/index.php/api/v2/pim/employees?limit=50&offset=0&model=detailed&includeEmployees=onlyCurrent&sortField=employee.firstName&sortOrder=ASC,603,0,0
1751223944702,374,/web/index.php/api/v2/pim/employees-132,200,OK,TG_PIM 1-3,text,true,,1419,805,5,5,https://opensource-demo.orangehrmlive.com/web/index.php/api/v2/pim/employees?nameOrId=user807&includeEmployees=onlyCurrent,374,0,0
1751223946083,382,/web/index.php/api/v2/pim/employees-144,200,OK,TG_PIM 1-3,text,true,,1681,878,5,5,https://opensource-demo.orangehrmlive.com/web/index.php/api/v2/pim/employees?limit=50&offset=0&model=detailed&empNumber=753&includeEmployees=onlyCurrent&sortField=employee.firstName&sortOrder=ASC,382,0,0
1751223947497,0,Pacing,200,OK,TG_PIM 1-3,text,true,,0,0,5,5,null,0,0,0
1751223947497,0,Debug Sampler,200,OK,TG_PIM 1-3,text,true,,971,0,5,5,null,0,0,0
1751223947498,0,Pacing,200,OK,TG_PIM 1-3,text,true,,0,0,5,5,null,0,0,0
1751223943445,1348,search employee,200,"Number of samples in transaction : 3, number of failing samples : 0",TG_PIM 1-1,,true,,19921,2547,5,5,null,0,3192,0
1751223943445,592,/web/index.php/api/v2/pim/employees-125,200,OK,TG_PIM 1-1,text,true,,16745,864,5,5,https://opensource-demo.orangehrmlive.com/web/index.php/api/v2/pim/employees?limit=50&offset=0&model=detailed&includeEmployees=onlyCurrent&sortField=employee.firstName&sortOrder=ASC,592,0,0
1751223945115,323,/web/index.php/api/v2/pim/employees-132,200,OK,TG_PIM 1-1,text,true,,1419,805,5,5,https://opensource-demo.orangehrmlive.com/web/index.php/api/v2/pim/employees?nameOrId=user375&includeEmployees=onlyCurrent,323,0,0
1751223946452,433,/web/index.php/api/v2/pim/employees-144,200,OK,TG_PIM 1-1,text,true,,1757,878,5,5,https://opensource-demo.orangehrmlive.com/web/index.php/api/v2/pim/employees?limit=50&offset=0&model=detailed&empNumber=752&includeEmployees=onlyCurrent&sortField=employee.firstName&sortOrder=ASC,433,0,0
1751223947990,1,Pacing,200,OK,TG_PIM 1-1,text,true,,0,0,5,5,null,0,0,0
1751223947992,0,Debug Sampler,200,OK,TG_PIM 1-1,text,true,,996,0,5,5,null,0,0,0
1751223947992,1,Pacing,200,OK,TG_PIM 1-1,text,true,,0,0,5,5,null,0,0,0
1751223944008,1277,search employee,200,"Number of samples in transaction : 3, number of failing samples : 0",TG_PIM 1-2,,true,,19845,2547,5,5,null,0,3126,0
1751223944009,581,/web/index.php/api/v2/pim/employees-125,200,OK,TG_PIM 1-2,text,true,,16745,864,5,5,https://opensource-demo.orangehrmlive.com/web/index.php/api/v2/pim/employees?limit=50&offset=0&model=detailed&includeEmployees=onlyCurrent&sortField=employee.firstName&sortOrder=ASC,581,0,0
1751223945645,385,/web/index.php/api/v2/pim/employees-132,200,OK,TG_PIM 1-2,text,true,,1419,805,5,5,https://opensource-demo.orangehrmlive.com/web/index.php/api/v2/pim/employees?nameOrId=user196&includeEmployees=onlyCurrent,385,0,0
1751223947046,311,/web/index.php/api/v2/pim/employees-144,200,OK,TG_PIM 1-2,text,true,,1681,878,5,5,https://opensource-demo.orangehrmlive.com/web/index.php/api/v2/pim/employees?limit=50&offset=0&model=detailed&empNumber=755&includeEmployees=onlyCurrent&sortField=employee.firstName&sortOrder=ASC,311,0,0
1751223948418,1,Pacing,200,OK,TG_PIM 1-2,text,true,,0,0,5,5,null,0,0,0
1751223948427,1,Debug Sampler,200,OK,TG_PIM 1-2,text,true,,1047,0,5,5,null,0,0,0
1751223948428,0,Pacing,200,OK,TG_PIM 1-2,text,true,,0,0,5,5,null,0,0,0
1751223944353,1389,search employee,200,"Number of samples in transaction : 3, number of failing samples : 0",TG_PIM 1-5,,true,,20042,2547,5,5,null,0,3133,0
1751223944353,627,/web/index.php/api/v2/pim/employees-125,200,OK,TG_PIM 1-5,text,true,,16745,864,5,5,https://opensource-demo.orangehrmlive.com/web/index.php/api/v2/pim/employees?limit=50&offset=0&model=detailed&includeEmployees=onlyCurrent&sortField=employee.firstName&sortOrder=ASC,627,0,0
1751223946047,419,/web/index.php/api/v2/pim/employees-132,200,OK,TG_PIM 1-5,text,true,,1540,805,5,5,https://opensource-demo.orangehrmlive.com/web/index.php/api/v2/pim/employees?nameOrId=user886&includeEmployees=onlyCurrent,419,0,0
1751223947492,343,/web/index.php/api/v2/pim/employees-144,200,OK,TG_PIM 1-5,text,true,,1757,878,5,5,https://opensource-demo.orangehrmlive.com/web/index.php/api/v2/pim/employees?limit=50&offset=0&model=detailed&empNumber=754&includeEmployees=onlyCurrent&sortField=employee.firstName&sortOrder=ASC,343,0,0
1751223948881,1,Pacing,200,OK,TG_PIM 1-5,text,true,,0,0,5,5,null,0,0,0
1751223948882,0,Debug Sampler,200,OK,TG_PIM 1-5,text,true,,1015,0,5,5,null,0,0,0
1751223948882,0,Pacing,200,OK,TG_PIM 1-5,text,true,,0,0,5,5,null,0,0,0
1751223944667,1372,search employee,200,"Number of samples in transaction : 3, number of failing samples : 0",TG_PIM 1-4,,true,,19921,2547,5,5,null,0,3139,0
1751223944667,629,/web/index.php/api/v2/pim/employees-125,200,OK,TG_PIM 1-4,text,true,,16745,864,5,5,https://opensource-demo.orangehrmlive.com/web/index.php/api/v2/pim/employees?limit=50&offset=0&model=detailed&includeEmployees=onlyCurrent&sortField=employee.firstName&sortOrder=ASC,629,0,0
1751223946371,354,/web/index.php/api/v2/pim/employees-132,200,OK,TG_PIM 1-4,text,true,,1419,805,5,5,https://opensource-demo.orangehrmlive.com/web/index.php/api/v2/pim/employees?nameOrId=user533&includeEmployees=onlyCurrent,354,0,0
1751223947780,389,/web/index.php/api/v2/pim/employees-144,200,OK,TG_PIM 1-4,text,true,,1757,878,5,5,https://opensource-demo.orangehrmlive.com/web/index.php/api/v2/pim/employees?limit=50&offset=0&model=detailed&empNumber=756&includeEmployees=onlyCurrent&sortField=employee.firstName&sortOrder=ASC,389,0,0
1751223949186,0,Pacing,200,OK,TG_PIM 1-4,text,true,,0,0,5,5,null,0,0,0
1751223949187,0,Debug Sampler,200,OK,TG_PIM 1-4,text,true,,1017,0,5,5,null,0,0,0
1751223949187,0,Pacing,200,OK,TG_PIM 1-4,text,true,,0,0,5,5,null,0,0,0
1751223947498,673,click pim,200,"Number of samples in transaction : 1, number of failing samples : 0",TG_PIM 1-3,,true,,5334,1699,5,5,null,0,1056,0
1751223947498,673,/web/index.php/pim/viewPimModule-69,200,OK,TG_PIM 1-3,text,true,,5334,1699,5,5,https://opensource-demo.orangehrmlive.com/web/index.php/pim/viewEmployeeList,334,0,0
1751223947498,334,/web/index.php/pim/viewPimModule-69-0,302,Found,TG_PIM 1-3,text,true,,2029,848,5,5,https://opensource-demo.orangehrmlive.com/web/index.php/pim/viewPimModule,334,0,0
1751223947833,338,/web/index.php/pim/viewPimModule-69-1,200,OK,TG_PIM 1-3,text,true,,3305,851,5,5,https://opensource-demo.orangehrmlive.com/web/index.php/pim/viewEmployeeList,338,0,0
1751223949227,341,click add employee,200,"Number of samples in transaction : 1, number of failing samples : 0",TG_PIM 1-3,,true,,3324,851,5,5,null,0,0,0
1751223949227,341,/web/index.php/pim/addEmployee-79,200,OK,TG_PIM 1-3,text,true,,3324,851,5,5,https://opensource-demo.orangehrmlive.com/web/index.php/pim/addEmployee,341,0,0
1751223947993,673,click pim,200,"Number of samples in transaction : 1, number of failing samples : 0",TG_PIM 1-1,,true,,5334,1699,5,5,null,0,1048,0
1751223947993,673,/web/index.php/pim/viewPimModule-69,200,OK,TG_PIM 1-1,text,true,,5334,1699,5,5,https://opensource-demo.orangehrmlive.com/web/index.php/pim/viewEmployeeList,346,0,0
1751223947993,346,/web/index.php/pim/viewPimModule-69-0,302,Found,TG_PIM 1-1,text,true,,2029,848,5,5,https://opensource-demo.orangehrmlive.com/web/index.php/pim/viewPimModule,346,0,0
1751223948339,327,/web/index.php/pim/viewPimModule-69-1,200,OK,TG_PIM 1-1,text,true,,3305,851,5,5,https://opensource-demo.orangehrmlive.com/web/index.php/pim/viewEmployeeList,327,0,0
1751223949714,331,click add employee,200,"Number of samples in transaction : 1, number of failing samples : 0",TG_PIM 1-1,,true,,3324,851,5,5,null,0,2,0
1751223949715,331,/web/index.php/pim/addEmployee-79,200,OK,TG_PIM 1-1,text,true,,3324,851,5,5,https://opensource-demo.orangehrmlive.com/web/index.php/pim/addEmployee,331,0,0
1751223948428,715,click pim,200,"Number of samples in transaction : 1, number of failing samples : 0",TG_PIM 1-2,,true,,5334,1699,5,5,null,0,1011,0
1751223948429,715,/web/index.php/pim/viewPimModule-69,200,OK,TG_PIM 1-2,text,true,,5334,1699,5,5,https://opensource-demo.orangehrmlive.com/web/index.php/pim/viewEmployeeList,394,0,0
1751223948429,394,/web/index.php/pim/viewPimModule-69-0,302,Found,TG_PIM 1-2,text,true,,2029,848,5,5,https://opensource-demo.orangehrmlive.com/web/index.php/pim/viewPimModule,394,0,0
1751223948823,321,/web/index.php/pim/viewPimModule-69-1,200,OK,TG_PIM 1-2,text,true,,3305,851,5,5,https://opensource-demo.orangehrmlive.com/web/index.php/pim/viewEmployeeList,321,0,0
1751223950154,330,click add employee,200,"Number of samples in transaction : 1, number of failing samples : 0",TG_PIM 1-2,,true,,3324,851,5,5,null,0,0,0
1751223950154,330,/web/index.php/pim/addEmployee-79,200,OK,TG_PIM 1-2,text,true,,3324,851,5,5,https://opensource-demo.orangehrmlive.com/web/index.php/pim/addEmployee,330,0,0
1751223948882,757,click pim,200,"Number of samples in transaction : 1, number of failing samples : 0",TG_PIM 1-5,,true,,5334,1699,5,5,null,0,1013,0
1751223948883,757,/web/index.php/pim/viewPimModule-69,200,OK,TG_PIM 1-5,text,true,,5334,1699,5,5,https://opensource-demo.orangehrmlive.com/web/index.php/pim/viewEmployeeList,408,0,0
1751223948883,408,/web/index.php/pim/viewPimModule-69-0,302,Found,TG_PIM 1-5,text,true,,2029,848,5,5,https://opensource-demo.orangehrmlive.com/web/index.php/pim/viewPimModule,408,0,0
1751223949291,349,/web/index.php/pim/viewPimModule-69-1,200,OK,TG_PIM 1-5,text,true,,3305,851,5,5,https://opensource-demo.orangehrmlive.com/web/index.php/pim/viewEmployeeList,349,0,0
1751223949187,633,click pim,200,"Number of samples in transaction : 1, number of failing samples : 0",TG_PIM 1-4,,true,,5334,1699,5,5,null,0,1071,0
1751223949188,633,/web/index.php/pim/viewPimModule-69,200,OK,TG_PIM 1-4,text,true,,5334,1699,5,5,https://opensource-demo.orangehrmlive.com/web/index.php/pim/viewEmployeeList,300,0,0
1751223949188,300,/web/index.php/pim/viewPimModule-69-0,302,Found,TG_PIM 1-4,text,true,,2029,848,5,5,https://opensource-demo.orangehrmlive.com/web/index.php/pim/viewPimModule,300,0,0
1751223949488,333,/web/index.php/pim/viewPimModule-69-1,200,OK,TG_PIM 1-4,text,true,,3305,851,5,5,https://opensource-demo.orangehrmlive.com/web/index.php/pim/viewEmployeeList,333,0,0
1751223950653,366,click add employee,200,"Number of samples in transaction : 1, number of failing samples : 0",TG_PIM 1-5,,true,,3323,851,5,5,null,0,0,0
1751223950653,366,/web/index.php/pim/addEmployee-79,200,OK,TG_PIM 1-5,text,true,,3323,851,5,5,https://opensource-demo.orangehrmlive.com/web/index.php/pim/addEmployee,366,0,0
1751223950892,321,click add employee,200,"Number of samples in transaction : 1, number of failing samples : 0",TG_PIM 1-4,,true,,3323,851,5,5,null,0,0,0
1751223950892,321,/web/index.php/pim/addEmployee-79,200,OK,TG_PIM 1-4,text,true,,3323,851,5,5,https://opensource-demo.orangehrmlive.com/web/index.php/pim/addEmployee,321,0,0
1751223950598,710,click save employee,200,"Number of samples in transaction : 2, number of failing samples : 0",TG_PIM 1-3,,true,,7077,1750,5,5,null,0,1,0
1751223950598,354,/web/index.php/api/v2/pim/employees-90,200,OK,TG_PIM 1-3,text,true,,1529,882,5,5,https://opensource-demo.orangehrmlive.com/web/index.php/api/v2/pim/employees,354,0,0
1751223950953,356,/web/index.php/pim/viewPersonalDetails/empNumber/206-91,200,OK,TG_PIM 1-3,text,true,,5548,868,5,5,https://opensource-demo.orangehrmlive.com/web/index.php/pim/viewPersonalDetails/empNumber/757,356,0,0
1751223951524,672,click save employee,200,"Number of samples in transaction : 2, number of failing samples : 0",TG_PIM 1-2,,true,,7079,1749,5,5,null,0,2,0
1751223951525,327,/web/index.php/api/v2/pim/employees-90,200,OK,TG_PIM 1-2,text,true,,1528,881,5,5,https://opensource-demo.orangehrmlive.com/web/index.php/api/v2/pim/employees,327,0,0
1751223951853,345,/web/index.php/pim/viewPersonalDetails/empNumber/206-91,200,OK,TG_PIM 1-2,text,true,,5551,868,5,5,https://opensource-demo.orangehrmlive.com/web/index.php/pim/viewPersonalDetails/empNumber/759,345,0,0
1751223951067,1441,click save employee,200,"Number of samples in transaction : 3, number of failing samples : 0",TG_PIM 1-1,,true,,12436,3502,5,5,null,0,3,0
1751223951068,328,/web/index.php/api/v2/pim/employees-90,200,OK,TG_PIM 1-1,text,true,,1529,882,5,5,https://opensource-demo.orangehrmlive.com/web/index.php/api/v2/pim/employees,328,0,0
1751223951397,351,/web/index.php/pim/viewPersonalDetails/empNumber/206-91,200,OK,TG_PIM 1-1,text,true,,5551,868,5,5,https://opensource-demo.orangehrmlive.com/web/index.php/pim/viewPersonalDetails/empNumber/758,350,0,0
1751223951748,762,click report to and save supervisor,200,"Number of samples in transaction : 2, number of failing samples : 0",TG_PIM 1-1,,true,,5356,1752,5,5,null,0,1,0
1751223951748,359,/web/index.php/pim/viewReportToDetails/empNumber/206-106,200,OK,TG_PIM 1-1,text,true,,3794,890,5,5,https://opensource-demo.orangehrmlive.com/web/index.php/pim/viewReportToDetails/empNumber/758,359,0,0
1751223952108,403,/web/index.php/api/v2/pim/employees/206/supervisors-119,200,OK,TG_PIM 1-1,text,true,,1562,862,5,5,https://opensource-demo.orangehrmlive.com/web/index.php/api/v2/pim/employees/758/supervisors,403,0,0
1751223952355,325,click add employee,200,"Number of samples in transaction : 1, number of failing samples : 0",TG_PIM 1-3,,true,,3323,851,5,5,null,0,1,0
1751223952355,325,/web/index.php/pim/addEmployee-79,200,OK,TG_PIM 1-3,text,true,,3323,851,5,5,https://opensource-demo.orangehrmlive.com/web/index.php/pim/addEmployee,325,0,0
1751223952225,734,click save employee,200,"Number of samples in transaction : 2, number of failing samples : 0",TG_PIM 1-4,,true,,7080,1750,5,5,null,0,0,0
1751223952225,327,/web/index.php/api/v2/pim/employees-90,200,OK,TG_PIM 1-4,text,true,,1529,882,5,5,https://opensource-demo.orangehrmlive.com/web/index.php/api/v2/pim/employees,327,0,0
1751223952552,407,/web/index.php/pim/viewPersonalDetails/empNumber/206-91,200,OK,TG_PIM 1-4,text,true,,5551,868,5,5,https://opensource-demo.orangehrmlive.com/web/index.php/pim/viewPersonalDetails/empNumber/761,406,0,0
1751223952074,1376,click save employee,200,"Number of samples in transaction : 3, number of failing samples : 0",TG_PIM 1-5,,true,,12437,3502,5,5,null,0,4,0
1751223952075,364,/web/index.php/api/v2/pim/employees-90,200,OK,TG_PIM 1-5,text,true,,1529,882,5,5,https://opensource-demo.orangehrmlive.com/web/index.php/api/v2/pim/employees,364,0,0
1751223952440,349,/web/index.php/pim/viewPersonalDetails/empNumber/206-91,200,OK,TG_PIM 1-5,text,true,,5549,868,5,5,https://opensource-demo.orangehrmlive.com/web/index.php/pim/viewPersonalDetails/empNumber/760,349,0,0
1751223952790,663,click report to and save supervisor,200,"Number of samples in transaction : 2, number of failing samples : 0",TG_PIM 1-5,,true,,5359,1752,5,5,null,0,1,0
1751223952790,329,/web/index.php/pim/viewReportToDetails/empNumber/206-106,200,OK,TG_PIM 1-5,text,true,,3794,890,5,5,https://opensource-demo.orangehrmlive.com/web/index.php/pim/viewReportToDetails/empNumber/760,329,0,0
1751223953120,334,/web/index.php/api/v2/pim/employees/206/supervisors-119,200,OK,TG_PIM 1-5,text,true,,1565,862,5,5,https://opensource-demo.orangehrmlive.com/web/index.php/api/v2/pim/employees/760/supervisors,334,0,0
1751223953209,345,click add employee,200,"Number of samples in transaction : 1, number of failing samples : 0",TG_PIM 1-2,,true,,3323,851,5,5,null,0,0,0
1751223953209,345,/web/index.php/pim/addEmployee-79,200,OK,TG_PIM 1-2,text,true,,3323,851,5,5,https://opensource-demo.orangehrmlive.com/web/index.php/pim/addEmployee,345,0,0
1751223953517,330,click add employee,200,"Number of samples in transaction : 1, number of failing samples : 0",TG_PIM 1-1,,true,,3323,851,5,5,null,0,0,0
1751223953517,330,/web/index.php/pim/addEmployee-79,200,OK,TG_PIM 1-1,text,true,,3323,851,5,5,https://opensource-demo.orangehrmlive.com/web/index.php/pim/addEmployee,330,0,0
1751223953987,335,click add employee,200,"Number of samples in transaction : 1, number of failing samples : 0",TG_PIM 1-4,,true,,3323,851,5,5,null,0,0,0
1751223953987,335,/web/index.php/pim/addEmployee-79,200,OK,TG_PIM 1-4,text,true,,3323,851,5,5,https://opensource-demo.orangehrmlive.com/web/index.php/pim/addEmployee,335,0,0
1751223954519,370,click add employee,200,"Number of samples in transaction : 1, number of failing samples : 0",TG_PIM 1-5,,true,,3323,851,5,5,null,0,1,0
1751223954520,370,/web/index.php/pim/addEmployee-79,200,OK,TG_PIM 1-5,text,true,,3323,851,5,5,https://opensource-demo.orangehrmlive.com/web/index.php/pim/addEmployee,370,0,0
1751223953739,1424,click save employee,200,"Number of samples in transaction : 3, number of failing samples : 0",TG_PIM 1-3,,true,,12439,3502,5,5,null,0,3,0
1751223953740,337,/web/index.php/api/v2/pim/employees-90,200,OK,TG_PIM 1-3,text,true,,1529,882,5,5,https://opensource-demo.orangehrmlive.com/web/index.php/api/v2/pim/employees,337,0,0
1751223954078,382,/web/index.php/pim/viewPersonalDetails/empNumber/206-91,200,OK,TG_PIM 1-3,text,true,,5551,868,5,5,https://opensource-demo.orangehrmlive.com/web/index.php/pim/viewPersonalDetails/empNumber/762,382,0,0
1751223954460,705,click report to and save supervisor,200,"Number of samples in transaction : 2, number of failing samples : 0",TG_PIM 1-3,,true,,5359,1752,5,5,null,0,1,0
1751223954460,360,/web/index.php/pim/viewReportToDetails/empNumber/206-106,200,OK,TG_PIM 1-3,text,true,,3794,890,5,5,https://opensource-demo.orangehrmlive.com/web/index.php/pim/viewReportToDetails/empNumber/762,360,0,0
1751223954820,345,/web/index.php/api/v2/pim/employees/206/supervisors-119,200,OK,TG_PIM 1-3,text,true,,1565,862,5,5,https://opensource-demo.orangehrmlive.com/web/index.php/api/v2/pim/employees/762/supervisors,345,0,0
1751223954575,714,click save employee,200,"Number of samples in transaction : 2, number of failing samples : 0",TG_PIM 1-2,,true,,7080,1750,5,5,null,0,2,0
1751223954576,355,/web/index.php/api/v2/pim/employees-90,200,OK,TG_PIM 1-2,text,true,,1529,882,5,5,https://opensource-demo.orangehrmlive.com/web/index.php/api/v2/pim/employees,355,0,0
1751223954931,359,/web/index.php/pim/viewPersonalDetails/empNumber/206-91,200,OK,TG_PIM 1-2,text,true,,5551,868,5,5,https://opensource-demo.orangehrmlive.com/web/index.php/pim/viewPersonalDetails/empNumber/763,359,0,0
1751223955401,679,click save employee,200,"Number of samples in transaction : 2, number of failing samples : 0",TG_PIM 1-4,,true,,7080,1750,5,5,null,0,1,0
1751223955401,329,/web/index.php/api/v2/pim/employees-90,200,OK,TG_PIM 1-4,text,true,,1529,882,5,5,https://opensource-demo.orangehrmlive.com/web/index.php/api/v2/pim/employees,329,0,0
1751223955731,350,/web/index.php/pim/viewPersonalDetails/empNumber/206-91,200,OK,TG_PIM 1-4,text,true,,5551,868,5,5,https://opensource-demo.orangehrmlive.com/web/index.php/pim/viewPersonalDetails/empNumber/765,349,0,0
1751223954893,1352,click save employee,200,"Number of samples in transaction : 3, number of failing samples : 0",TG_PIM 1-1,,true,,12437,3502,5,5,null,0,4,0
1751223954894,333,/web/index.php/api/v2/pim/employees-90,200,OK,TG_PIM 1-1,text,true,,1529,882,5,5,https://opensource-demo.orangehrmlive.com/web/index.php/api/v2/pim/employees,333,0,0
1751223955228,349,/web/index.php/pim/viewPersonalDetails/empNumber/206-91,200,OK,TG_PIM 1-1,text,true,,5551,868,5,5,https://opensource-demo.orangehrmlive.com/web/index.php/pim/viewPersonalDetails/empNumber/764,349,0,0
1751223955577,670,click report to and save supervisor,200,"Number of samples in transaction : 2, number of failing samples : 0",TG_PIM 1-1,,true,,5357,1752,5,5,null,0,2,0
1751223955578,338,/web/index.php/pim/viewReportToDetails/empNumber/206-106,200,OK,TG_PIM 1-1,text,true,,3794,890,5,5,https://opensource-demo.orangehrmlive.com/web/index.php/pim/viewReportToDetails/empNumber/764,338,0,0
1751223955917,332,/web/index.php/api/v2/pim/employees/206/supervisors-119,200,OK,TG_PIM 1-1,text,true,,1563,862,5,5,https://opensource-demo.orangehrmlive.com/web/index.php/api/v2/pim/employees/764/supervisors,332,0,0
1751223955952,1444,click save employee,200,"Number of samples in transaction : 3, number of failing samples : 0",TG_PIM 1-5,,true,,12437,3502,5,5,null,0,2,0
1751223955952,361,/web/index.php/api/v2/pim/employees-90,200,OK,TG_PIM 1-5,text,true,,1529,882,5,5,https://opensource-demo.orangehrmlive.com/web/index.php/api/v2/pim/employees,361,0,0
1751223956314,356,/web/index.php/pim/viewPersonalDetails/empNumber/206-91,200,OK,TG_PIM 1-5,text,true,,5549,868,5,5,https://opensource-demo.orangehrmlive.com/web/index.php/pim/viewPersonalDetails/empNumber/766,356,0,0
1751223956671,727,click report to and save supervisor,200,"Number of samples in transaction : 2, number of failing samples : 0",TG_PIM 1-5,,true,,5359,1752,5,5,null,0,0,0
1751223956671,372,/web/index.php/pim/viewReportToDetails/empNumber/206-106,200,OK,TG_PIM 1-5,text,true,,3794,890,5,5,https://opensource-demo.orangehrmlive.com/web/index.php/pim/viewReportToDetails/empNumber/766,372,0,0
1751223957043,355,/web/index.php/api/v2/pim/employees/206/supervisors-119,200,OK,TG_PIM 1-5,text,true,,1565,862,5,5,https://opensource-demo.orangehrmlive.com/web/index.php/api/v2/pim/employees/766/supervisors,355,0,0
1751223956220,332,click employee list,200,"Number of samples in transaction : 1, number of failing samples : 0",TG_PIM 1-3,,true,,3305,873,5,5,null,0,1092,0
1751223956220,332,/web/index.php/pim/viewEmployeeList-121,200,OK,TG_PIM 1-3,text,true,,3305,873,5,5,https://opensource-demo.orangehrmlive.com/web/index.php/pim/viewEmployeeList,332,0,0
1751223956385,326,click employee list,200,"Number of samples in transaction : 1, number of failing samples : 0",TG_PIM 1-2,,true,,3305,873,5,5,null,0,1036,0
1751223956385,326,/web/index.php/pim/viewEmployeeList-121,200,OK,TG_PIM 1-2,text,true,,3305,873,5,5,https://opensource-demo.orangehrmlive.com/web/index.php/pim/viewEmployeeList,326,0,0
1751223957091,414,click employee list,200,"Number of samples in transaction : 1, number of failing samples : 0",TG_PIM 1-4,,true,,3305,873,5,5,null,0,1039,0
1751223957091,414,/web/index.php/pim/viewEmployeeList-121,200,OK,TG_PIM 1-4,text,true,,3305,873,5,5,https://opensource-demo.orangehrmlive.com/web/index.php/pim/viewEmployeeList,414,0,0
1751223957287,338,click employee list,200,"Number of samples in transaction : 1, number of failing samples : 0",TG_PIM 1-1,,true,,3305,873,5,5,null,0,1091,0
1751223957288,338,/web/index.php/pim/viewEmployeeList-121,200,OK,TG_PIM 1-1,text,true,,3305,873,5,5,https://opensource-demo.orangehrmlive.com/web/index.php/pim/viewEmployeeList,338,0,0
1751223958471,395,click employee list,200,"Number of samples in transaction : 1, number of failing samples : 0",TG_PIM 1-5,,true,,3305,873,5,5,null,0,1004,0
1751223958472,395,/web/index.php/pim/viewEmployeeList-121,200,OK,TG_PIM 1-5,text,true,,3305,873,5,5,https://opensource-demo.orangehrmlive.com/web/index.php/pim/viewEmployeeList,395,0,0
1751223957644,1563,search employee,200,"Number of samples in transaction : 3, number of failing samples : 0",TG_PIM 1-3,,true,,19921,2547,5,5,null,0,3115,0
1751223957644,707,/web/index.php/api/v2/pim/employees-125,200,OK,TG_PIM 1-3,text,true,,16745,864,5,5,https://opensource-demo.orangehrmlive.com/web/index.php/api/v2/pim/employees?limit=50&offset=0&model=detailed&includeEmployees=onlyCurrent&sortField=employee.firstName&sortOrder=ASC,707,0,0
1751223959394,428,/web/index.php/api/v2/pim/employees-132,200,OK,TG_PIM 1-3,text,true,,1419,805,5,5,https://opensource-demo.orangehrmlive.com/web/index.php/api/v2/pim/employees?nameOrId=user192&includeEmployees=onlyCurrent,428,0,0
1751223960824,428,/web/index.php/api/v2/pim/employees-144,200,OK,TG_PIM 1-3,text,true,,1757,878,5,5,https://opensource-demo.orangehrmlive.com/web/index.php/api/v2/pim/employees?limit=50&offset=0&model=detailed&empNumber=762&includeEmployees=onlyCurrent&sortField=employee.firstName&sortOrder=ASC,428,0,0
1751223957747,1388,search employee,200,"Number of samples in transaction : 3, number of failing samples : 0",TG_PIM 1-2,,true,,19845,2547,5,5,null,0,3211,0
1751223957748,628,/web/index.php/api/v2/pim/employees-125,200,OK,TG_PIM 1-2,text,true,,16745,864,5,5,https://opensource-demo.orangehrmlive.com/web/index.php/api/v2/pim/employees?limit=50&offset=0&model=detailed&includeEmployees=onlyCurrent&sortField=employee.firstName&sortOrder=ASC,628,0,0
1751223959420,403,/web/index.php/api/v2/pim/employees-132,200,OK,TG_PIM 1-2,text,true,,1419,805,5,5,https://opensource-demo.orangehrmlive.com/web/index.php/api/v2/pim/employees?nameOrId=user391&includeEmployees=onlyCurrent,403,0,0
1751223960894,357,/web/index.php/api/v2/pim/employees-144,200,OK,TG_PIM 1-2,text,true,,1681,878,5,5,https://opensource-demo.orangehrmlive.com/web/index.php/api/v2/pim/employees?limit=50&offset=0&model=detailed&empNumber=763&includeEmployees=onlyCurrent&sortField=employee.firstName&sortOrder=ASC,357,0,0
1751223962353,663,logout,200,"Number of samples in transaction : 1, number of failing samples : 0",TG_PIM 1-2,,true,,4678,1747,5,5,null,0,1,0
1751223962353,663,/web/index.php/auth/logout-288,200,OK,TG_PIM 1-2,text,true,,4678,1747,5,5,https://opensource-demo.orangehrmlive.com/web/index.php/auth/login,343,0,0
1751223962353,343,/web/index.php/auth/logout-288-0,302,Found,TG_PIM 1-2,text,true,,2072,874,5,5,https://opensource-demo.orangehrmlive.com/web/index.php/auth/logout,343,0,0
1751223962697,319,/web/index.php/auth/logout-288-1,200,OK,TG_PIM 1-2,text,true,,2606,873,5,5,https://opensource-demo.orangehrmlive.com/web/index.php/auth/login,319,0,0
1751223962329,689,logout,200,"Number of samples in transaction : 1, number of failing samples : 0",TG_PIM 1-3,,true,,4681,1747,5,5,null,0,0,0
1751223962329,689,/web/index.php/auth/logout-288,200,OK,TG_PIM 1-3,text,true,,4681,1747,5,5,https://opensource-demo.orangehrmlive.com/web/index.php/auth/login,367,0,0
1751223962329,367,/web/index.php/auth/logout-288-0,302,Found,TG_PIM 1-3,text,true,,2072,874,5,5,https://opensource-demo.orangehrmlive.com/web/index.php/auth/logout,367,0,0
1751223962697,321,/web/index.php/auth/logout-288-1,200,OK,TG_PIM 1-3,text,true,,2609,873,5,5,https://opensource-demo.orangehrmlive.com/web/index.php/auth/login,321,0,0
1751223958545,1570,search employee,200,"Number of samples in transaction : 3, number of failing samples : 0",TG_PIM 1-4,,true,,19845,2547,5,5,null,0,3078,0
1751223958545,794,/web/index.php/api/v2/pim/employees-125,200,OK,TG_PIM 1-4,text,true,,16745,864,5,5,https://opensource-demo.orangehrmlive.com/web/index.php/api/v2/pim/employees?limit=50&offset=0&model=detailed&includeEmployees=onlyCurrent&sortField=employee.firstName&sortOrder=ASC,794,0,0
1751223960375,423,/web/index.php/api/v2/pim/employees-132,200,OK,TG_PIM 1-4,text,true,,1419,805,5,5,https://opensource-demo.orangehrmlive.com/web/index.php/api/v2/pim/employees?nameOrId=user237&includeEmployees=onlyCurrent,423,0,0
1751223961817,353,/web/index.php/api/v2/pim/employees-144,200,OK,TG_PIM 1-4,text,true,,1681,878,5,5,https://opensource-demo.orangehrmlive.com/web/index.php/api/v2/pim/employees?limit=50&offset=0&model=detailed&empNumber=765&includeEmployees=onlyCurrent&sortField=employee.firstName&sortOrder=ASC,353,0,0
1751223958716,1478,search employee,200,"Number of samples in transaction : 3, number of failing samples : 0",TG_PIM 1-1,,true,,19921,2547,5,5,null,0,3194,0
1751223958717,776,/web/index.php/api/v2/pim/employees-125,200,OK,TG_PIM 1-1,text,true,,16745,864,5,5,https://opensource-demo.orangehrmlive.com/web/index.php/api/v2/pim/employees?limit=50&offset=0&model=detailed&includeEmployees=onlyCurrent&sortField=employee.firstName&sortOrder=ASC,776,0,0
1751223960571,370,/web/index.php/api/v2/pim/employees-132,200,OK,TG_PIM 1-1,text,true,,1419,805,5,5,https://opensource-demo.orangehrmlive.com/web/index.php/api/v2/pim/employees?nameOrId=user119&includeEmployees=onlyCurrent,370,0,0
1751223961966,332,/web/index.php/api/v2/pim/employees-144,200,OK,TG_PIM 1-1,text,true,,1757,878,5,5,https://opensource-demo.orangehrmlive.com/web/index.php/api/v2/pim/employees?limit=50&offset=0&model=detailed&empNumber=764&includeEmployees=onlyCurrent&sortField=employee.firstName&sortOrder=ASC,332,0,0
1751223963199,611,logout,200,"Number of samples in transaction : 1, number of failing samples : 0",TG_PIM 1-4,,true,,4681,1747,5,5,null,0,1,0
1751223963200,611,/web/index.php/auth/logout-288,200,OK,TG_PIM 1-4,text,true,,4681,1747,5,5,https://opensource-demo.orangehrmlive.com/web/index.php/auth/login,299,0,0
1751223963200,299,/web/index.php/auth/logout-288-0,302,Found,TG_PIM 1-4,text,true,,2072,874,5,5,https://opensource-demo.orangehrmlive.com/web/index.php/auth/logout,299,0,0
1751223963500,311,/web/index.php/auth/logout-288-1,200,OK,TG_PIM 1-4,text,true,,2609,873,5,5,https://opensource-demo.orangehrmlive.com/web/index.php/auth/login,311,0,0
1751223964021,0,Pacing,200,OK,TG_PIM 1-2,text,true,,0,0,5,5,null,0,0,0
1751223964021,0,Pacing,200,OK,TG_PIM 1-3,text,true,,0,0,5,5,null,0,0,0
1751223964022,0,Debug Sampler,200,OK,TG_PIM 1-2,text,true,,1048,0,5,5,null,0,0,0
1751223964022,0,Debug Sampler,200,OK,TG_PIM 1-3,text,true,,988,0,5,5,null,0,0,0
1751223959871,1461,search employee,200,"Number of samples in transaction : 3, number of failing samples : 0",TG_PIM 1-5,,true,,19921,2547,3,3,null,0,3122,0
1751223959871,757,/web/index.php/api/v2/pim/employees-125,200,OK,TG_PIM 1-5,text,true,,16745,864,5,5,https://opensource-demo.orangehrmlive.com/web/index.php/api/v2/pim/employees?limit=50&offset=0&model=detailed&includeEmployees=onlyCurrent&sortField=employee.firstName&sortOrder=ASC,757,0,0
1751223961726,359,/web/index.php/api/v2/pim/employees-132,200,OK,TG_PIM 1-5,text,true,,1419,805,5,5,https://opensource-demo.orangehrmlive.com/web/index.php/api/v2/pim/employees?nameOrId=user898&includeEmployees=onlyCurrent,359,0,0
1751223963087,345,/web/index.php/api/v2/pim/employees-144,200,OK,TG_PIM 1-5,text,true,,1757,878,5,5,https://opensource-demo.orangehrmlive.com/web/index.php/api/v2/pim/employees?limit=50&offset=0&model=detailed&empNumber=766&includeEmployees=onlyCurrent&sortField=employee.firstName&sortOrder=ASC,345,0,0
1751223963395,1116,logout,200,"Number of samples in transaction : 1, number of failing samples : 0",TG_PIM 1-1,,true,,4683,1747,3,3,null,0,0,506
1751223963395,1116,/web/index.php/auth/logout-288,200,OK,TG_PIM 1-1,text,true,,4683,1747,3,3,https://opensource-demo.orangehrmlive.com/web/index.php/auth/login,806,0,506
1751223963395,806,/web/index.php/auth/logout-288-0,302,Found,TG_PIM 1-1,text,true,,2072,874,3,3,https://opensource-demo.orangehrmlive.com/web/index.php/auth/logout,806,0,506
1751223964201,310,/web/index.php/auth/logout-288-1,200,OK,TG_PIM 1-1,text,true,,2611,873,3,3,https://opensource-demo.orangehrmlive.com/web/index.php/auth/login,310,0,0
1751223964886,1,Pacing,200,OK,TG_PIM 1-4,text,true,,0,0,3,3,null,0,0,0
1751223964887,0,Debug Sampler,200,OK,TG_PIM 1-4,text,true,,1018,0,3,3,null,0,0,0
1751223965598,0,Pacing,200,OK,TG_PIM 1-1,text,true,,0,0,2,2,null,0,0,0
1751223965598,0,Debug Sampler,200,OK,TG_PIM 1-1,text,true,,996,0,2,2,null,0,0,0
1751223964460,1207,logout,200,"Number of samples in transaction : 1, number of failing samples : 0",TG_PIM 1-5,,true,,4668,1747,1,1,null,0,0,548
1751223964460,1207,/web/index.php/auth/logout-288,200,OK,TG_PIM 1-5,text,true,,4668,1747,1,1,https://opensource-demo.orangehrmlive.com/web/index.php/auth/login,846,0,548
1751223964460,847,/web/index.php/auth/logout-288-0,302,Found,TG_PIM 1-5,text,true,,2072,874,1,1,https://opensource-demo.orangehrmlive.com/web/index.php/auth/logout,846,0,548
1751223965307,360,/web/index.php/auth/logout-288-1,200,OK,TG_PIM 1-5,text,true,,2596,873,1,1,https://opensource-demo.orangehrmlive.com/web/index.php/auth/login,360,0,0
1751223966687,0,Pacing,200,OK,TG_PIM 1-5,text,true,,0,0,1,1,null,0,0,0
1751223966688,0,Debug Sampler,200,OK,TG_PIM 1-5,text,true,,1015,0,1,1,null,0,0,0
